DOI,Publication Date
10.1002/9781394167494.ch11,2024-10-17T13:50:15Z
10.1002/9783527842810.ch18,2024-08-23T21:22:25Z
10.1002/9783527843367.ch3,2024-03-29T21:39:38Z
10.1002/adem.202301572,2023-12-10T07:24:11Z
10.1002/adem.202301602,2024-01-12T03:35:28Z
10.1002/adem.202401647,2024-10-04T16:14:24Z
10.1002/admt.202301797,2024-02-05T03:09:40Z
10.1002/adtp.202300255,2023-10-04T20:39:00Z
10.1002/ajoc.202300639,2024-02-26T14:39:52Z
10.1002/ajoc.202400223,2024-06-04T21:35:11Z
10.1002/ajoc.202400255,2024-06-12T09:05:50Z
10.1002/alz.088739,2025-01-03T14:46:12Z
10.1002/alz.090252,2025-01-03T14:31:47Z
10.1002/appl.202200107,2023-05-16T11:45:26Z
10.1002/ardp.202400372,2024-07-04T13:46:29Z
10.1002/asia.202400635,2024-08-07T11:01:03Z
10.1002/asia.202400862,2024-12-05T13:46:06Z
10.1002/cbdv.202400292,2024-07-26T10:31:03Z
10.1002/cbf.3926,2024-01-22T07:14:58Z
10.1002/cbf.3959,2024-02-23T09:57:00Z
10.1002/cbin.12192,2024-06-04T20:01:54Z
10.1002/cctc.202401334,2024-10-18T07:15:01Z
10.1002/chem.202402900,2024-08-30T13:13:50Z
10.1002/ejoc.202301086,2024-01-18T13:19:36Z
10.1002/ejoc.202400456,2024-07-15T18:40:51Z
10.1002/ejoc.202400582,2024-06-03T14:10:32Z
10.1002/ejoc.202401058,2024-12-10T05:24:40Z
10.1002/jbt.23559,2023-10-16T08:06:16Z
10.1002/jbt.23660,2024-02-15T06:54:58Z
10.1002/jbt.23735,2024-05-22T06:49:10Z
10.1002/jbt.23741,2024-05-31T05:24:13Z
10.1002/jbt.23747,2024-05-27T09:00:50Z
10.1002/jhet.4758,2023-11-25T00:04:42Z
10.1002/mco2.469,2024-03-24T01:59:42Z
10.1002/mma.10150,2024-04-26T08:44:24Z
10.1002/ptr.8238,2024-06-12T13:39:11Z
10.1002/ptr.8406,2024-12-11T14:55:01Z
10.1002/qute.202400081,2024-11-28T02:13:43Z
10.1002/slct.202302556,2024-01-16T08:50:35Z
10.1002/slct.202304426,2024-01-03T06:44:36Z
10.1002/slct.202304751,2024-01-19T03:34:03Z
10.1002/slct.202304810,2024-05-08T03:15:02Z
10.1002/slct.202304897,2024-01-23T08:47:17Z
10.1002/slct.202400032,2024-07-22T02:55:52Z
10.1002/slct.202400191,2024-11-30T11:37:05Z
10.1002/slct.202400223,2024-06-18T13:25:44Z
10.1002/slct.202400249,2024-04-17T03:35:35Z
10.1002/slct.202400322,2024-06-27T19:57:44Z
10.1002/slct.202400514,2024-06-10T15:53:32Z
10.1002/slct.202400808,2024-04-17T03:36:24Z
10.1002/slct.202402133,2024-08-06T18:39:59Z
10.1002/slct.202402149,2024-08-14T09:46:51Z
10.1002/slct.202402699,2024-11-13T15:06:10Z
10.1002/slct.202404209,2024-11-13T14:52:22Z
10.1002/slct.202404449,2024-10-30T05:42:39Z
10.1002/smll.202406113,2024-09-16T08:39:17Z
10.1002/smll.202406765,2024-11-05T10:54:50Z
10.1002/sscp.202300140,2023-12-08T06:49:01Z
10.1002/star.202300174,2024-04-04T08:30:32Z
10.1002/tox.24291,2024-04-23T09:44:05Z
10.1007/978-1-0716-3918-4_12,2024-06-22T12:01:43Z
10.1007/978-3-031-38004-4_21,2024-03-11T17:02:05Z
10.1007/978-3-031-49536-6_5,2024-03-01T13:03:47Z
10.1007/978-3-031-54565-8_9,2024-04-23T13:02:14Z
10.1007/978-3-031-55032-4_15,2024-06-27T06:02:01Z
10.1007/978-3-031-55032-4_5,2024-06-27T06:02:01Z
10.1007/978-3-031-55032-4_8,2024-06-27T06:02:01Z
10.1007/978-3-031-63430-7_11,2024-08-06T18:23:06Z
10.1007/978-3-031-72467-1_14,2024-12-09T08:33:25Z
10.1007/978-981-97-1837-5,2024-05-31T19:01:41Z
10.1007/978-981-97-1837-5_15,2024-05-31T19:01:41Z
10.1007/978-981-97-1837-5_16,2024-05-31T19:01:41Z
10.1007/978-981-97-3119-0_1,2024-07-13T04:01:59Z
10.1007/978-981-97-6242-2_17,2024-11-05T04:33:15Z
10.1007/978-981-99-4878-9_59,2023-11-14T13:02:35Z
10.1007/978-981-99-4878-9_82,2023-11-14T13:02:35Z
10.1007/978-981-99-6999-9_7,2024-01-27T07:02:18Z
10.1007/978-981-99-7935-6_22,2024-04-01T09:13:14Z
10.1007/s00210-023-02660-w,2023-08-11T09:02:41Z
10.1007/s00210-023-02679-z,2023-09-04T09:02:38Z
10.1007/s00210-023-02769-y,2023-10-14T11:01:31Z
10.1007/s00299-024-03264-1,2024-07-02T04:58:27Z
10.1007/s00339-024-07484-w,2024-04-18T17:01:36Z
10.1007/s00339-024-07618-0,2024-06-07T02:01:27Z
10.1007/s00339-024-07836-6,2024-09-24T06:03:00Z
10.1007/s00344-024-11467-9,2024-09-20T07:02:27Z
10.1007/s00404-023-07151-0,2023-08-25T18:02:25Z
10.1007/s00404-024-07400-w,2024-02-29T11:02:49Z
10.1007/s00425-023-04317-7,2024-01-30T11:02:05Z
10.1007/s00542-024-05663-6,2024-04-14T19:01:42Z
10.1007/s00704-024-05088-1,2024-07-01T18:04:27Z
10.1007/s10142-024-01486-w,2024-11-04T19:04:34Z
10.1007/s10368-024-00594-z,2024-02-22T20:02:20Z
10.1007/s10571-023-01434-5,2023-12-17T16:02:10Z
10.1007/s10614-023-10380-9,2023-03-28T15:02:56Z
10.1007/s10653-024-01862-2,2024-02-23T16:03:35Z
10.1007/s10661-023-12240-3,2024-01-04T03:01:58Z
10.1007/s10661-024-12824-7,2024-06-22T06:02:15Z
10.1007/s10661-024-13011-4,2024-09-19T11:07:14Z
10.1007/s10661-024-13369-5,2024-11-18T07:54:40Z
10.1007/s10708-024-10999-7,2024-01-19T05:02:19Z
10.1007/s10735-024-10217-1,2024-07-23T09:02:36Z
10.1007/s10787-023-01407-6,2024-01-11T19:02:52Z
10.1007/s10787-024-01477-0,2024-04-23T19:06:01Z
10.1007/s10787-024-01510-2,2024-07-11T19:01:40Z
10.1007/s10787-024-01595-9,2024-11-15T10:34:49Z
10.1007/s10787-024-01598-6,2024-11-28T18:51:30Z
10.1007/s10853-024-09936-3,2024-07-09T14:02:08Z
10.1007/s10853-024-10339-7,2024-11-18T14:13:24Z
10.1007/s10874-024-09458-x,2024-05-08T05:02:18Z
10.1007/s10874-024-09459-w,2024-05-23T03:34:51Z
10.1007/s10959-024-01362-0,2024-08-04T13:02:00Z
10.1007/s10967-024-09685-2,2024-08-14T09:02:16Z
10.1007/s11009-024-10111-z,2024-10-01T07:01:53Z
10.1007/s11010-024-05177-9,2024-12-05T06:24:45Z
10.1007/s11011-023-01265-9,2023-07-28T12:01:42Z
10.1007/s11030-023-10617-7,2023-02-16T18:02:46Z
10.1007/s11030-023-10691-x,2023-07-18T12:02:26Z
10.1007/s11030-024-10820-0,2024-04-04T13:01:49Z
10.1007/s11030-024-10876-y,2024-05-09T14:01:56Z
10.1007/s11030-024-10922-9,2024-07-02T08:03:28Z
10.1007/s11030-024-11014-4,2024-11-10T15:27:23Z
10.1007/s11033-023-09021-z,2024-01-02T12:03:19Z
10.1007/s11033-024-09277-z,2024-03-04T20:01:51Z
10.1007/s11033-024-09520-7,2024-04-29T09:02:20Z
10.1007/s11033-024-09597-0,2024-05-11T14:01:38Z
10.1007/s11042-023-16678-y,2023-09-25T07:02:05Z
10.1007/s11042-023-16920-7,2023-10-06T06:02:05Z
10.1007/s11042-023-17537-6,2023-11-11T06:01:30Z
10.1007/s11042-023-17727-2,2023-12-15T04:35:35Z
10.1007/s11042-024-19444-w,2024-05-29T04:06:32Z
10.1007/s11042-024-19855-9,2024-07-19T01:01:31Z
10.1007/s11051-024-06128-7,2024-09-21T15:02:29Z
10.1007/s11071-024-09940-x,2024-07-12T14:02:00Z
10.1007/s11071-024-09992-z,2024-07-20T13:01:35Z
10.1007/s11071-024-10112-0,2024-08-12T16:02:35Z
10.1007/s11071-024-10140-w,2024-09-19T19:35:34Z
10.1007/s11082-024-07223-8,2024-07-18T13:03:09Z
10.1007/s11101-024-09929-9,2024-03-11T05:01:51Z
10.1007/s11101-024-09936-w,2024-03-21T04:37:57Z
10.1007/s11101-024-10028-y,2024-10-17T14:02:54Z
10.1007/s11101-024-10051-z,2024-12-09T06:15:18Z
10.1007/s11105-023-01414-5,2023-10-11T12:02:49Z
10.1007/s11105-024-01442-9,2024-02-24T14:01:55Z
10.1007/s11355-024-00626-5,2024-10-24T13:02:52Z
10.1007/s11356-023-26739-2,2023-04-06T11:05:15Z
10.1007/s11356-024-34686-9,2024-08-16T14:02:16Z
10.1007/s11356-024-35807-0,2024-12-23T03:42:48Z
10.1007/s11368-023-03671-z,2023-10-17T15:02:33Z
10.1007/s11540-024-09762-9,2024-07-06T06:02:00Z
10.1007/s11664-024-11160-3,2024-05-27T20:30:06Z
10.1007/s11694-024-02821-2,2024-08-17T18:01:56Z
10.1007/s11696-023-03257-6,2023-12-27T22:02:36Z
10.1007/s11696-024-03352-2,2024-02-28T03:02:27Z
10.1007/s11696-024-03496-1,2024-05-15T13:02:07Z
10.1007/s11696-024-03534-y,2024-06-01T00:02:45Z
10.1007/s11947-023-03233-8,2023-10-23T12:01:46Z
10.1007/s11947-024-03391-3,2024-04-13T15:01:40Z
10.1007/s11947-024-03602-x,2024-09-26T09:02:13Z
10.1007/s11947-024-03622-7,2024-10-10T02:01:50Z
10.1007/s12011-023-03664-6,2023-04-17T10:17:45Z
10.1007/s12011-023-04052-w,2024-01-16T16:02:36Z
10.1007/s12015-024-10733-3,2024-05-17T04:01:50Z
10.1007/s12032-023-02269-2,2024-01-03T20:02:32Z
10.1007/s12032-024-02325-5,2024-02-24T06:02:30Z
10.1007/s12032-024-02489-0,2024-09-24T13:22:34Z
10.1007/s12033-023-00822-y,2023-07-19T18:03:06Z
10.1007/s12033-024-01346-9,2024-12-23T15:19:22Z
10.1007/s12035-023-03775-0,2023-11-22T03:01:58Z
10.1007/s12035-023-03805-x,2023-11-25T12:01:45Z
10.1007/s12035-023-03815-9,2023-12-01T19:02:23Z
10.1007/s12035-023-03820-y,2023-12-08T09:02:31Z
10.1007/s12035-023-03837-3,2023-12-22T18:01:24Z
10.1007/s12035-023-03838-2,2023-12-11T05:02:05Z
10.1007/s12035-023-03882-y,2023-12-26T07:02:16Z
10.1007/s12035-024-03929-8,2024-01-22T01:02:11Z
10.1007/s12035-024-04053-3,2024-03-16T03:01:27Z
10.1007/s12035-024-04127-2,2024-03-27T03:01:55Z
10.1007/s12035-024-04220-6,2024-05-16T06:02:06Z
10.1007/s12035-024-04221-5,2024-05-17T18:03:27Z
10.1007/s12035-024-04261-x,2024-06-01T15:01:53Z
10.1007/s12035-024-04268-4,2024-06-11T09:05:35Z
10.1007/s12035-024-04308-z,2024-07-15T06:01:52Z
10.1007/s12035-024-04487-9,2024-09-23T21:01:49Z
10.1007/s12035-024-04545-2,2024-10-26T05:02:16Z
10.1007/s12035-024-04589-4,2024-11-01T02:02:00Z
10.1007/s12038-023-00375-x,2024-01-18T07:02:22Z
10.1007/s12040-024-02274-7,2024-04-09T12:02:34Z
10.1007/s12041-024-01480-y,2024-09-13T03:45:17Z
10.1007/s12088-024-01263-0,2024-04-01T09:12:37Z
10.1007/s12088-024-01404-5,2024-10-07T08:01:39Z
10.1007/s12094-023-03176-8,2023-04-24T15:02:36Z
10.1007/s12094-024-03815-8,2024-12-20T04:27:51Z
10.1007/s12140-024-09441-z,2024-12-13T00:35:29Z
10.1007/s12190-024-02021-7,2024-03-24T04:19:48Z
10.1007/s12190-024-02300-3,2024-11-21T06:47:23Z
10.1007/s12272-023-01479-6,2023-12-28T15:02:17Z
10.1007/s12291-024-01240-w,2024-06-18T10:02:06Z
10.1007/s12371-024-00994-2,2024-09-02T06:01:45Z
10.1007/s12596-024-01922-x,2024-06-24T06:02:01Z
10.1007/s12648-024-03482-z,2024-11-21T11:18:45Z
10.1007/s12649-024-02672-4,2024-08-07T07:02:27Z
10.1007/s12668-024-01394-0,2024-06-27T09:01:42Z
10.1007/s12672-024-01589-7,2024-11-22T14:36:23Z
10.1007/s13105-024-01032-z,2024-06-12T04:01:53Z
10.1007/s13105-024-01065-4,2024-12-19T02:50:27Z
10.1007/s13171-023-00314-w,2023-08-29T10:02:46Z
10.1007/s13197-023-05868-z,2023-11-01T02:02:10Z
10.1007/s13237-024-00471-9,2024-02-27T18:02:18Z
10.1007/s13300-024-01676-6,2024-12-17T09:48:59Z
10.1007/s13399-022-03664-x,2022-12-23T01:02:25Z
10.1007/s13399-023-04955-7,2023-10-18T19:01:33Z
10.1007/s13562-024-00903-2,2024-07-18T10:01:56Z
10.1007/s13762-023-05025-1,2023-06-12T12:02:15Z
10.1007/s40031-024-01013-2,2024-02-29T08:03:22Z
10.1007/s40808-023-01912-1,2023-12-16T13:01:27Z
10.1007/s40840-024-01702-7,2024-05-13T15:02:10Z
10.1007/s41478-023-00642-y,2023-09-06T04:01:36Z
10.1007/s41748-023-00367-9,2024-01-22T14:02:47Z
10.1007/s42161-024-01754-5,2024-09-15T17:02:11Z
10.1007/s42247-024-00669-2,2024-03-19T08:02:53Z
10.1007/s42247-024-00860-5,2024-09-24T05:26:57Z
10.1007/s42452-024-05733-4,2024-02-29T12:02:22Z
10.1007/s42535-024-01130-9,2024-12-12T15:16:53Z
10.1007/s42690-024-01329-y,2024-08-06T14:02:29Z
10.1007/s42729-024-01656-6,2024-02-06T17:34:42Z
10.1007/s42965-023-00315-8,2023-07-18T10:02:16Z
10.1007/s42976-023-00399-x,2023-06-01T18:02:05Z
10.1007/s42976-024-00544-0,2024-06-28T06:02:04Z
10.1007/s42979-023-02384-x,2023-12-06T13:07:21Z
10.1007/s43440-024-00619-z,2024-07-09T18:09:16Z
10.1007/s43538-024-00239-4,2024-02-15T16:02:49Z
10.1007/s43621-024-00389-x,2024-08-06T10:02:43Z
10.1007/s43621-024-00456-3,2024-09-05T08:01:50Z
10.1007/s43621-024-00506-w,2024-09-27T13:02:23Z
10.1007/s44202-024-00262-y,2024-10-26T09:02:41Z
10.1016/B978-0-323-95379-5.00004-3,2024-06-28T10:23:49Z
10.1016/B978-0-323-95460-0.00001-0,2024-11-29T19:59:35Z
10.1016/B978-0-443-13318-3.00008-2,2024-06-28T11:12:49Z
10.1016/B978-0-443-13769-3.00011-X,2024-07-19T09:49:33Z
10.1016/B978-0-443-13782-2.00006-1,2024-06-21T10:18:12Z
10.1016/B978-0-443-13782-2.00007-3,2024-06-21T10:18:33Z
10.1016/B978-0-443-15378-5.00022-X,2024-05-17T11:59:29Z
10.1016/B978-0-443-15489-8.00004-9,2024-05-31T10:29:41Z
10.1016/B978-0-443-15702-8.00025-7,2024-11-29T20:20:26Z
10.1016/B978-0-443-15906-0.00003-6,2024-07-19T09:59:52Z
10.1016/B978-0-443-16013-4.00011-7,2024-06-28T10:55:16Z
10.1016/B978-0-443-19252-4.00004-3,2024-04-30T14:39:05Z
10.1016/B978-0-443-19252-4.00005-5,2024-04-30T14:39:10Z
10.1016/B978-0-443-19252-4.00006-7,2024-04-30T14:39:26Z
10.1016/B978-0-443-19252-4.00007-9,2024-04-30T14:39:11Z
10.1016/B978-0-443-19252-4.00008-0,2024-04-30T14:40:11Z
10.1016/B978-0-443-19252-4.00010-9,2024-04-30T14:39:41Z
10.1016/B978-0-443-19252-4.00011-0,2024-04-30T14:40:59Z
10.1016/B978-0-443-27345-2.00006-0,2024-11-01T12:05:34Z
10.1016/B978-0-443-29804-2.00008-1,2024-10-18T07:37:42Z
10.1016/B978-0-443-29804-2.00011-1,2024-10-18T07:38:30Z
10.1016/B978-0-443-29804-2.00014-7,2024-10-18T07:38:53Z
10.1016/B978-0-443-29804-2.00015-9,2024-10-18T07:38:55Z
10.1016/B978-0-443-29804-2.00030-5,2024-10-18T07:40:21Z
10.1016/bs.apcsb.2023.11.015,2024-02-19T14:20:58Z
10.1016/bs.apcsb.2023.12.007,2024-03-31T18:56:13Z
10.1016/bs.apcsb.2023.12.010,2024-04-04T13:26:21Z
10.1016/bs.ircmb.2024.10.003,2024-10-31T23:18:14Z
10.1016/C2022-0-00111-2,2024-04-30T16:47:29Z
10.1016/C2023-0-00935-9,2024-10-18T07:16:09Z
10.1016/j.aej.2024.01.025,2024-02-01T12:04:31Z
10.1016/j.ahr.2023.100177,2023-12-19T05:08:36Z
10.1016/j.ajp.2024.104068,2024-05-07T15:47:05Z
10.1016/j.ajps.2024.100927,2024-05-19T09:15:51Z
10.1016/j.algal.2024.103428,2024-02-08T17:47:44Z
10.1016/j.apr.2023.101945,2023-10-13T06:42:36Z
10.1016/j.apr.2023.102012,2023-12-09T16:53:02Z
10.1016/j.aquaculture.2023.740354,2023-11-13T16:31:00Z
10.1016/j.arr.2023.102171,2023-12-21T17:58:52Z
10.1016/j.arr.2024.102205,2024-01-23T22:02:33Z
10.1016/j.arr.2024.102236,2024-02-16T17:29:53Z
10.1016/j.arr.2024.102255,2024-03-14T03:13:12Z
10.1016/j.artmed.2024.102928,2024-07-03T00:30:31Z
10.1016/j.bioorg.2024.107341,2024-04-05T22:19:30Z
10.1016/j.bioorg.2024.107607,2024-07-04T02:05:51Z
10.1016/j.biopha.2024.117058,2024-07-04T10:20:28Z
10.1016/j.bmc.2024.117933,2024-10-03T15:35:59Z
10.1016/j.brainres.2024.148906,2024-04-01T15:04:53Z
10.1016/j.carpta.2024.100460,2024-02-15T13:08:17Z
10.1016/j.cellimm.2024.104811,2024-02-03T16:00:12Z
10.1016/j.cellsig.2023.110953,2023-10-29T09:12:27Z
10.1016/j.ceramint.2023.11.305,2023-12-09T16:20:25Z
10.1016/j.ceramint.2024.11.488,2024-12-09T14:59:20Z
10.1016/j.chaos.2024.114689,2024-03-08T01:26:08Z
10.1016/j.chaos.2024.115127,2024-06-12T21:40:59Z
10.1016/j.chaos.2024.115318,2024-07-26T22:25:55Z
10.1016/j.chemosphere.2023.140822,2023-11-30T10:29:25Z
10.1016/j.chemosphere.2024.141474,2024-02-19T19:25:24Z
10.1016/j.cis.2024.103264,2024-08-02T23:52:19Z
10.1016/j.coesh.2024.100584,2024-10-03T06:20:28Z
10.1016/j.commatsci.2023.112679,2023-11-30T14:03:04Z
10.1016/j.critrevonc.2023.104250,2023-12-22T17:06:30Z
10.1016/j.crmicr.2024.100241,2024-05-23T03:19:29Z
10.1016/j.crstbi.2024.100124,2024-01-07T01:02:17Z
10.1016/j.csfx.2024.100107,2024-02-19T17:37:53Z
10.1016/j.cytogfr.2024.06.002,2024-07-02T06:51:17Z
10.1016/j.dld.2023.09.014,2023-10-09T10:56:29Z
10.1016/j.drudis.2023.103853,2023-12-08T03:48:52Z
10.1016/j.dwt.2024.100505,2024-06-10T15:42:54Z
10.1016/j.ejmech.2024.116139,2024-01-12T04:04:37Z
10.1016/j.ejphar.2023.176234,2023-12-02T10:59:24Z
10.1016/j.ejphar.2024.176635,2024-05-10T06:57:44Z
10.1016/j.ejphar.2024.176804,2024-06-29T15:21:31Z
10.1016/j.envpol.2023.122842,2023-11-06T16:28:06Z
10.1016/j.est.2023.110244,2023-12-30T05:23:12Z
10.1016/j.est.2024.111646,2024-04-19T14:52:02Z
10.1016/j.est.2024.112205,2024-05-30T12:53:55Z
10.1016/j.fbio.2024.105272,2024-10-10T10:22:18Z
10.1016/j.fbr.2023.100342,2023-11-27T19:15:13Z
10.1016/j.fitote.2024.106123,2024-07-14T06:05:18Z
10.1016/j.flatc.2024.100688,2024-05-27T16:17:59Z
10.1016/j.focha.2024.100613,2024-01-08T17:50:31Z
10.1016/j.foodres.2023.113910,2023-12-22T17:03:57Z
10.1016/j.fuel.2023.130173,2023-10-31T15:27:39Z
10.1016/j.gene.2023.148024,2023-11-29T22:58:53Z
10.1016/j.genrep.2023.101873,2023-12-22T12:27:35Z
10.1016/j.genrep.2024.101927,2024-05-09T02:28:29Z
10.1016/j.genrep.2024.101938,2024-05-27T16:43:37Z
10.1016/j.geomphys.2024.105113,2024-01-23T17:48:03Z
10.1016/j.geomphys.2024.105330,2024-09-27T00:50:47Z
10.1016/j.gexplo.2024.107453,2024-03-17T01:08:28Z
10.1016/j.gsd.2024.101121,2024-02-18T01:23:27Z
10.1016/j.gsd.2024.101283,2024-07-24T20:30:17Z
10.1016/j.heliyon.2023.e23736,2023-12-26T07:13:31Z
10.1016/j.heliyon.2024.e28922,2024-03-31T21:51:45Z
10.1016/j.humgen.2024.201293,2024-05-11T06:22:43Z
10.1016/j.ica.2024.121935,2024-01-18T04:25:56Z
10.1016/j.ijbiomac.2024.133713,2024-07-08T16:13:47Z
10.1016/j.ijbiomac.2024.134903,2024-08-22T17:42:43Z
10.1016/j.ijbiomac.2024.137235,2024-11-03T22:51:17Z
10.1016/j.ijbiomac.2024.137591,2024-11-13T14:01:27Z
10.1016/j.ijdrr.2024.104494,2024-04-23T15:39:14Z
10.1016/j.ijhydene.2024.04.118,2024-04-13T17:49:36Z
10.1016/j.intimp.2024.112940,2024-08-17T02:53:11Z
10.1016/j.intimp.2024.113552,2024-11-15T07:24:42Z
10.1016/j.isci.2024.110812,2024-09-07T12:00:33Z
10.1016/j.jallcom.2024.173740,2024-02-01T19:37:36Z
10.1016/j.jallcom.2024.176070,2024-08-22T22:18:08Z
10.1016/j.jallcom.2024.176773,2024-09-30T06:27:29Z
10.1016/j.jbiotec.2023.12.003,2023-12-07T01:12:56Z
10.1016/j.jcis.2023.11.025,2023-11-08T09:22:42Z
10.1016/j.jcs.2024.103957,2024-06-12T07:16:15Z
10.1016/j.jddst.2024.105506,2024-03-01T04:28:44Z
10.1016/j.jddst.2024.106056,2024-08-10T02:39:58Z
10.1016/j.jddst.2024.106269,2024-10-09T20:44:54Z
10.1016/j.jddst.2024.106385,2024-11-06T23:20:46Z
10.1016/j.jenvman.2024.120135,2024-01-28T15:48:54Z
10.1016/j.jenvman.2024.120723,2024-04-01T21:12:08Z
10.1016/j.jenvman.2024.122352,2024-09-03T12:55:36Z
10.1016/j.jep.2023.117498,2023-11-27T16:44:46Z
10.1016/j.jksuci.2024.102235,2024-11-14T08:35:01Z
10.1016/j.jmgm.2023.108695,2023-12-15T01:29:07Z
10.1016/j.jnutbio.2024.109592,2024-02-05T17:37:38Z
10.1016/j.jogoh.2024.102782,2024-03-28T18:18:43Z
10.1016/j.joim.2024.05.001,2024-05-08T15:45:21Z
10.1016/j.jpcs.2024.111885,2024-01-11T16:25:54Z
10.1016/j.jpcs.2024.112082,2024-05-06T05:56:48Z
10.1016/j.jphotochem.2023.115373,2023-11-28T17:00:01Z
10.1016/j.jphotochem.2024.115878,2024-07-10T13:06:58Z
10.1016/j.jspr.2024.102247,2024-01-11T03:08:42Z
10.1016/j.lfs.2024.122610,2024-04-04T00:28:14Z
10.1016/j.lfs.2024.122613,2024-04-04T15:27:29Z
10.1016/j.margeo.2024.107280,2024-03-30T01:47:49Z
10.1016/j.matchemphys.2024.129797,2024-08-02T20:09:58Z
10.1016/j.matchemphys.2024.129912,2024-08-28T06:33:49Z
10.1016/j.materresbull.2024.113033,2024-08-03T00:00:37Z
10.1016/j.mce.2024.112312,2024-06-12T20:10:37Z
10.1016/j.micpath.2024.106538,2024-01-04T17:36:44Z
10.1016/j.micres.2023.127550,2023-11-19T17:28:24Z
10.1016/j.micres.2024.127671,2024-03-06T16:36:58Z
10.1016/j.mito.2024.101904,2024-05-17T18:23:37Z
10.1016/j.mito.2024.101947,2024-08-14T17:32:10Z
10.1016/j.mito.2024.101951,2024-08-31T03:12:02Z
10.1016/j.molliq.2024.124227,2024-02-15T16:23:59Z
10.1016/j.molliq.2024.125867,2024-08-30T19:18:38Z
10.1016/j.molliq.2024.126397,2024-11-01T00:57:41Z
10.1016/j.molstruc.2024.138321,2024-04-12T06:30:42Z
10.1016/j.mssp.2023.108020,2023-11-29T09:22:56Z
10.1016/j.mtcomm.2024.109671,2024-07-01T06:27:46Z
10.1016/j.mtcomm.2024.110520,2024-09-28T01:06:27Z
10.1016/j.ncrna.2023.10.009,2023-10-28T02:56:54Z
10.1016/j.neuroscience.2024.09.015,2024-09-10T03:36:58Z
10.1016/j.padiff.2023.100603,2023-12-09T21:50:40Z
10.1016/j.pce.2024.103772,2024-10-18T14:16:23Z
10.1016/j.pedsph.2023.12.002,2023-12-05T09:11:28Z
10.1016/j.pharmthera.2023.108563,2023-11-26T00:22:57Z
10.1016/j.phymed.2024.155707,2024-05-10T16:16:57Z
10.1016/j.physb.2024.416478,2024-09-02T16:52:04Z
10.1016/j.physb.2024.416567,2024-09-28T19:12:50Z
10.1016/j.plgene.2024.100469,2024-09-28T22:58:44Z
10.1016/j.prmcm.2024.100373,2024-01-26T12:21:26Z
10.1016/j.prp.2023.155017,2023-12-06T04:11:50Z
10.1016/j.prp.2024.155164,2024-01-22T11:36:54Z
10.1016/j.prp.2024.155620,2024-09-26T01:42:54Z
10.1016/j.qsa.2024.100245,2024-09-27T06:40:25Z
10.1016/j.renene.2023.119601,2023-11-09T13:36:42Z
10.1016/j.rhisph.2024.100892,2024-05-03T07:34:23Z
10.1016/j.rico.2023.100363,2023-12-18T19:26:37Z
10.1016/j.rineng.2024.101978,2024-03-16T05:37:55Z
10.1016/j.rio.2023.100601,2023-12-28T05:45:11Z
10.1016/j.rsci.2024.04.002,2024-04-12T18:05:53Z
10.1016/j.sajb.2024.01.035,2024-01-31T23:52:10Z
10.1016/j.scitotenv.2023.168930,2023-12-01T01:05:33Z
10.1016/j.scitotenv.2023.169798,2024-01-15T12:10:17Z
10.1016/j.seppur.2024.127010,2024-03-06T03:40:25Z
10.1016/j.spl.2023.109988,2023-11-23T22:17:19Z
10.1016/j.spl.2023.110021,2023-12-30T16:10:47Z
10.1016/j.srs.2024.100149,2024-07-11T10:12:48Z
10.1016/j.stress.2024.100635,2024-10-10T06:36:43Z
10.1016/j.surfin.2024.104932,2024-08-09T07:39:04Z
10.1016/j.tet.2023.133809,2023-12-28T09:28:31Z
10.1016/j.trac.2023.117440,2023-11-17T15:56:29Z
10.1016/j.yexcr.2024.114035,2024-04-07T22:21:27Z
10.1016/S0140-6736(24)00367-2,2024-04-03T22:52:10Z
10.1016/S0140-6736(24)00476-8,2024-03-11T23:30:12Z
10.1016/S0140-6736(24)00550-6,2024-03-21T01:51:06Z
10.1016/S0140-6736(24)00685-8,2024-05-16T22:41:55Z
10.1016/S0140-6736(24)00757-8,2024-04-17T22:36:16Z
10.1016/S0140-6736(24)00933-4,2024-05-16T22:42:25Z
10.1016/S0140-6736(24)01867-1,2024-09-17T18:34:53Z
10.1016/S1473-3099(24)00007-0,2024-03-19T23:48:59Z
10.1016/S1473-3099(24)00176-2,2024-04-15T22:35:18Z
10.1016/S1474-4422(24)00038-3,2024-03-14T23:30:21Z
10.1016/S1474-4422(24)00369-7,2024-09-19T05:19:34Z
10.1016/S2468-2667(24)00166-X,2024-10-02T22:33:10Z
10.1017/jpr.2024.30,2024-05-23T09:33:33Z
10.1017/S0016756824000487,2024-12-23T06:43:17Z
10.1021/acs.energyfuels.3c04078,2024-02-13T21:32:28Z
10.1021/acs.energyfuels.4c02226,2024-08-22T21:48:56Z
10.1021/acs.energyfuels.4c02355,2024-08-01T05:30:34Z
10.1021/acs.inorgchem.3c03960,2024-02-09T13:50:05Z
10.1021/acs.inorgchem.4c02062,2024-07-06T13:17:25Z
10.1021/acs.joc.4c01210,2024-08-02T05:01:29Z
10.1021/acs.joc.4c01304,2024-08-28T15:42:54Z
10.1021/acs.orglett.4c00535,2024-03-25T17:29:53Z
10.1021/acs.orglett.4c03064,2024-09-18T11:57:56Z
10.1021/acsami.3c19079,2024-03-29T20:06:06Z
10.1021/acsanm.3c03868,2024-01-12T17:08:48Z
10.1021/acsanm.3c04807,2024-01-03T17:48:06Z
10.1021/acsanm.3c05592,2024-02-08T20:21:52Z
10.1021/acsanm.3c05739,2024-01-10T17:20:10Z
10.1021/acsanm.4c01015,2024-05-11T15:13:45Z
10.1021/acschemneuro.4c00007,2024-05-25T13:00:36Z
10.1021/acsomega.4c02874,2024-07-26T19:32:27Z
10.1021/acsomega.4c03966,2024-07-12T05:20:30Z
10.1038/s41420-024-02182-1,2024-09-29T06:01:58Z
10.1038/s41433-024-02961-1,2024-03-09T14:01:50Z
10.1038/s41433-024-02995-5,2024-04-02T15:07:12Z
10.1038/s41433-024-03050-z,2024-07-04T15:03:18Z
10.1038/s41433-024-03161-7,2024-07-16T13:02:39Z
10.1038/s41439-023-00258-5,2024-01-25T08:02:30Z
10.1038/s41467-024-47727-1,2024-05-02T12:02:07Z
10.1038/s41477-023-01609-4,2024-01-17T11:02:53Z
10.1038/s41586-024-07778-2,2024-07-31T16:07:06Z
10.1038/s41598-024-66580-2,2024-07-29T14:12:46Z
10.1038/s41598-024-71559-0,2024-10-08T13:02:15Z
10.1038/s41598-024-72757-6,2024-09-16T16:05:05Z
10.1039/d3md00730h,2024-02-19T16:21:16Z
10.1039/d3ob01856c,2024-01-31T11:00:43Z
10.1039/d3ra08810c,2024-02-19T07:28:01Z
10.1039/d4bm00243a,2024-05-22T11:20:42Z
10.1039/d4cc01084a,2024-05-01T09:41:33Z
10.1039/d4cp02750g,2024-10-22T07:59:27Z
10.1039/d4ew00576g,2024-10-17T07:57:23Z
10.1039/d4ma00924j,2024-12-24T11:34:20Z
10.1039/d4ma01053a,2024-12-06T12:41:16Z
10.1039/d4md00199k,2024-07-22T13:24:52Z
10.1039/d4md00237g,2024-06-20T11:48:43Z
10.1039/d4md00277f,2024-07-13T03:01:01Z
10.1039/d4md00317a,2024-08-07T09:20:11Z
10.1039/d4md00550c,2024-09-24T16:21:07Z
10.1039/d4md00632a,2024-10-10T13:07:44Z
10.1039/d4md00817k,2024-12-17T09:50:56Z
10.1039/d4mh00993b,2024-10-10T12:14:18Z
10.1039/d4nj01467g,2024-05-30T10:20:56Z
10.1039/d4nj01909a,2024-08-05T10:40:40Z
10.1039/d4nj04130e,2024-11-22T09:21:09Z
10.1039/d4nr00828f,2024-07-04T01:21:15Z
10.1039/d4nr01132e,2024-07-16T15:52:01Z
10.1039/d4nr02982h,2024-10-21T12:00:50Z
10.1039/d4ob01017e,2024-08-08T09:01:08Z
10.1039/d4ob01442a,2024-11-27T07:41:19Z
10.1039/d4ob01728e,2024-11-27T07:02:16Z
10.1039/d4ra01332h,2024-05-30T15:18:08Z
10.1039/d4ra01804d,2024-06-12T10:11:03Z
10.1039/d4ta02974g,2024-06-04T20:47:00Z
10.1039/d4tb01416b,2024-11-08T03:21:11Z
10.1039/d4ya00577e,2024-12-05T09:26:56Z
10.1051/e3sconf/202449103009,2024-02-21T08:59:35Z
10.1055/a-2367-1675,2024-07-16T23:35:31Z
10.1063/5.0178229,2024-01-16T14:37:33Z
10.1063/5.0178339,2024-01-16T09:37:33Z
10.1063/5.0178340,2024-01-16T14:37:33Z
10.1063/5.0179203,2024-01-16T14:37:33Z
10.1063/5.0196074,2024-04-29T20:23:32Z
10.1063/5.0196218,2024-04-29T20:23:32Z
10.1080/00194506.2024.2408021,2024-09-30T15:49:39Z
10.1080/00207454.2022.2118599,2022-08-27T01:26:04Z
10.1080/00949655.2024.2433715,2024-12-12T22:51:27Z
10.1080/01932691.2023.2222809,2023-06-19T13:57:02Z
10.1080/01932691.2024.2317839,2024-02-17T00:46:27Z
10.1080/01932691.2024.2320302,2024-02-28T06:59:15Z
10.1080/02648725.2023.2183593,2023-03-01T14:31:24Z
10.1080/02770903.2023.2289156,2023-11-27T12:46:01Z
10.1080/03067319.2022.2098485,2022-07-08T02:27:43Z
10.1080/03067319.2024.2305238,2024-01-18T12:42:39Z
10.1080/03610918.2022.2106494,2022-07-29T12:19:30Z
10.1080/03610918.2024.2372657,2024-07-08T14:07:32Z
10.1080/07391102.2023.2201838,2023-04-28T07:41:50Z
10.1080/07391102.2023.2203249,2023-05-13T04:24:25Z
10.1080/07391102.2023.2214236,2023-05-24T13:54:55Z
10.1080/07391102.2023.2247081,2023-08-16T13:09:20Z
10.1080/07391102.2023.2256876,2023-09-11T15:40:31Z
10.1080/07391102.2023.2256885,2023-09-12T12:38:11Z
10.1080/07391102.2023.2265486,2023-10-09T12:19:29Z
10.1080/07391102.2023.2276312,2023-11-10T17:28:23Z
10.1080/07391102.2024.2310799,2024-02-05T16:28:22Z
10.1080/07391102.2024.2313157,2024-02-08T12:14:06Z
10.1080/07391102.2024.2315323,2024-02-12T11:34:51Z
10.1080/07391102.2024.2331095,2024-03-25T07:44:30Z
10.1080/07391102.2024.2437518,2024-12-13T09:31:56Z
10.1080/08912963.2024.2418914,2024-10-27T15:49:38Z
10.1080/09205063.2024.2355744,2024-05-24T16:38:05Z
10.1080/09205063.2024.2384801,2024-08-13T18:42:38Z
10.1080/09575146.2024.2417229,2024-10-19T10:56:48Z
10.1080/0965254X.2024.2428628,2024-11-15T05:20:35Z
10.1080/10406638.2023.2257841,2023-09-14T17:12:59Z
10.1080/10408347.2024.2375314,2024-07-11T17:06:28Z
10.1080/10408398.2023.2224880,2023-06-24T19:45:28Z
10.1080/10408398.2023.2232868,2023-07-12T09:31:20Z
10.1080/10408398.2024.2390550,2024-08-18T06:15:40Z
10.1080/10408436.2023.2273465,2023-11-02T06:59:40Z
10.1080/1061186X.2024.2417189,2024-10-15T11:44:32Z
10.1080/13642987.2024.2327374,2024-03-11T09:22:54Z
10.1080/14786419.2023.2194648,2023-03-29T09:19:20Z
10.1080/14786419.2023.2233047,2023-07-10T13:33:26Z
10.1080/15257770.2024.2344736,2024-04-25T10:40:53Z
10.1080/15332969.2024.2352668,2024-05-21T11:36:17Z
10.1080/15389588.2023.2263119,2023-10-10T15:12:20Z
10.1080/17415993.2024.2360441,2024-06-02T18:00:31Z
10.1080/17448727.2024.2318875,2024-02-26T19:09:26Z
10.1080/17455030.2021.1912850,2021-04-17T02:46:48Z
10.1080/17455030.2021.2005848,2021-12-07T09:52:54Z
10.1080/17524032.2024.2395893,2024-08-30T01:25:45Z
10.1080/17538947.2024.2350198,2024-05-07T11:17:02Z
10.1080/17568919.2024.2400968,2024-09-20T11:12:44Z
10.1080/23311975.2023.2296700,2024-02-13T09:19:32Z
10.1080/23311975.2024.2371063,2024-07-05T09:41:25Z
10.1080/23311975.2024.2396051,2024-09-05T10:53:12Z
10.1080/23322039.2024.2421888,2024-11-03T09:26:42Z
10.1080/23322039.2024.2437022,2024-12-08T14:16:51Z
10.1080/87559129.2024.2337766,2024-04-05T09:50:45Z
10.1088/1402-4896/ad6e3f,2024-08-12T22:56:15Z
10.1088/1572-9494/ad08ab,2023-11-02T09:20:28Z
10.1088/1742-6596/2919/1/012036,2024-12-27T06:55:52Z
10.1088/2053-1591/ad58aa,2024-06-14T22:40:40Z
10.1088/2632-959X/ad5b7a,2024-06-25T22:23:50Z
10.1088/2632-959X/ad70d0,2024-08-19T22:50:25Z
10.1089/mdr.2024.0008,2024-05-10T13:56:06Z
10.1089/met.2023.0127,2023-10-25T15:29:20Z
10.1093/geront/gnae170,2024-12-14T22:00:09Z
10.1093/mnras/stae2187,2024-09-20T02:31:39Z
10.1103/PhysRevB.110.155113,2024-10-07T14:54:55Z
10.1108/978-1-83753-980-220241,
10.1108/978-1-83753-980-220241003,2024-09-24T15:15:35Z
10.1108/AJMS-11-2021-0286,2024-09-27T04:48:59Z
10.1108/BFJ-06-2024-0616,2024-10-16T06:17:47Z
10.1108/BL-06-2023-0199,2024-02-27T04:07:09Z
10.1108/GKMC-09-2023-0323,2024-07-27T17:23:16Z
10.1108/IJSE-12-2023-0946,2024-06-04T16:56:01Z
10.1108/JADEE-01-2023-0015,2023-03-27T04:12:45Z
10.1108/JADEE-06-2022-0123,2022-11-02T07:32:18Z
10.1108/JADEE-06-2023-0142,2024-01-31T11:05:00Z
10.1108/LHTN-09-2024-0161,2024-12-05T05:23:41Z
10.1108/PMM-02-2024-0013,2024-10-21T02:36:49Z
10.1109/OTCON60325.2024.10688032,2024-09-30T17:24:20Z
10.1111/1348-0421.13123,2024-03-11T04:34:13Z
10.1111/ajco.13969,2023-05-16T07:47:27Z
10.1111/apm.13389,2024-03-11T09:12:07Z
10.1111/cbdd.14372,2023-10-12T04:28:39Z
10.1111/cbdd.14561,2024-06-12T01:24:17Z
10.1111/cbdd.14639,2024-10-14T02:29:57Z
10.1111/fcp.12937,2023-07-04T06:35:36Z
10.1111/fcp.12968,2023-12-02T17:13:05Z
10.1111/fcp.12980,2024-01-16T08:44:30Z
10.1111/gcb.17057,2023-12-09T07:59:43Z
10.1111/ijfs.17491,2024-09-02T18:34:38Z
10.1111/jpy.13435,2024-02-25T15:38:41Z
10.1111/nph.19682,2024-04-06T07:34:57Z
10.1111/pce.14868,2024-03-04T10:17:44Z
10.1117/12.3041910,2024-10-11T16:55:30Z
10.1117/12.3042064,2024-10-11T16:55:26Z
10.1126/science.adp1058,2024-08-08T18:06:46Z
10.1128/mra.00404-24,2024-07-31T19:52:59Z
10.1134/S0016702924700319,2024-05-02T14:02:31Z
10.1134/S1070428024030199,2024-05-19T19:01:27Z
10.1142/S0219887824501019,2023-12-04T02:09:42Z
10.1142/S0219887824502542,2024-06-10T04:13:55Z
10.1142/S021988782450289X,2024-07-27T03:58:46Z
10.1142/S1793524524500487,2024-04-24T11:14:49Z
10.1142/S2705078524300019,2024-10-29T11:19:07Z
10.1155/2024/6844686,2024-02-13T00:20:07Z
10.1177/09737030241288697,2024-11-07T05:50:52Z
10.1177/09763996221082199,2022-05-23T03:57:12Z
10.1177/09763996221091654,2022-06-21T16:46:21Z
10.1177/09763996221116283,2022-09-06T06:23:13Z
10.1177/09763996241244559,2024-04-29T10:15:46Z
10.1177/09763996241258344,2024-06-19T04:55:33Z
10.1177/10541373231177417,2023-05-30T04:07:31Z
10.1177/11769351241276757,2024-09-14T02:38:40Z
10.1177/20427530231156184,2023-02-07T19:02:51Z
10.1177/20501579231191925,2023-09-21T06:42:56Z
10.1177/20501579241246721,2024-04-15T16:56:30Z
10.1177/23938617231163981,2023-09-16T03:36:34Z
10.1186/s11671-024-04117-2,2024-12-02T16:51:51Z
10.1186/s13065-024-01228-w,2024-08-28T16:02:48Z
10.1201/9781003220107-10,2024-08-14T23:03:22Z
10.1201/9781003277941,2023-10-19T12:25:53Z
10.1201/9781003277941-1,2023-10-19T08:25:53Z
10.1201/9781003277941-7,2023-10-19T12:25:53Z
10.1201/9781003406105-9,2024-03-08T04:25:28Z
10.1201/9781003412472-1,2024-04-02T14:05:37Z
10.1201/9781003412489-7,2024-07-08T14:38:59Z
10.1201/9781003528982-13,2024-10-18T09:16:40Z
10.1201/9781032618845-15,2024-05-17T17:49:34Z
10.1201/9781032618845-18,2024-05-17T17:49:34Z
10.12944/CRNFSJ.12.2.35,2024-09-03T17:26:12Z
10.14233/ajchem.2024.31358,2024-04-30T05:12:34Z
10.14233/ajchem.2024.32310,2024-09-30T06:24:54Z
10.1504/IJBE.2024.137807,2024-04-06T11:30:50Z
10.1504/IJEPEE.2024.138470,2024-05-08T11:30:21Z
10.1504/IJESB.2024.140303,2024-08-03T11:30:22Z
10.1504/IJIEI.2024.137711,2024-04-03T11:32:16Z
10.1515/bmc-2022-0045,2024-03-25T09:40:42Z
10.1515/ms-2024-0076,2024-08-14T14:00:43Z
10.1515/pdtc-2024-0020,2024-10-01T16:35:11Z
10.15206/ajpor.2024.12.1.53,
10.15391/prrht.2024-9(2).03,2024-04-02T03:07:22Z
10.15666/aeer/2206_51315147,2024-12-28T13:46:51Z
10.15672/hujms.1359072,2024-08-05T09:43:58Z
10.17010/ijf/2024/v18i10/174612,2024-11-04T08:21:32Z
10.17010/ijom/2024/v54/i6/173945,2024-06-19T11:03:51Z
10.17803/2713-0533.2024.4.30.657-684,2024-12-31T11:42:03Z
10.18520/cs/v126/i6/662-670,2025-01-08T09:39:17Z
10.18520/cs/v127/i9/1114-1118,2025-01-08T12:15:56Z
10.18576/pfda/100302,2024-07-09T08:41:11Z
10.18805/LR-5298,2024-09-18T11:07:08Z
10.19852/j.cnki.jtcm.2024.03.002,
10.21123/bsj.2023.8952,2023-12-24T09:53:31Z
10.21315/ijaps2024.20.2.7,2024-08-01T07:25:08Z
10.2166/ws.2024.031,2024-02-26T13:26:43Z
10.2174/0113862073260323231120134826,2024-02-02T10:41:52Z
10.2174/0113892010277933231122111244,2024-01-04T04:42:06Z
10.2174/0113892037274719231212044235,2024-01-24T12:44:45Z
10.2174/0115672018266501231207095127,2024-01-25T15:25:56Z
10.2174/0115701808266939231011044527,2023-10-23T10:07:57Z
10.2174/0115701808276535231212071700,2024-01-25T15:25:56Z
10.2174/0115734013271823231120105556,2024-01-17T13:38:12Z
10.2174/011573403X278550240221112636,2024-03-05T11:35:06Z
10.2174/0115734080289478240319094430,2024-04-03T05:12:40Z
10.2174/0115734099263650230926053750,2023-10-15T16:40:26Z
10.2174/0115743624299306240419054021,2024-04-30T06:24:12Z
10.2174/0118715249269092231109181638,2024-01-12T06:21:47Z
10.2174/0118715273264879231027070642,2024-01-21T05:04:32Z
10.2174/0126667975280977231224175043,2024-01-26T15:29:11Z
10.2174/0929867330666230209094738,2023-02-09T11:54:06Z
10.2174/0929867331666230714160047,2023-07-17T05:46:33Z
10.2174/0929867331666230914103645,2023-09-15T06:42:53Z
10.2174/1386207326666230504163312,2023-05-05T04:49:08Z
10.2174/1386207326666230905153443,2023-09-11T04:23:21Z
10.2174/1570180820666230224112505,2023-02-24T12:05:47Z
10.2174/1573409919666230321145543,2023-03-22T04:07:51Z
10.2174/1573409919666230515160502,2023-05-16T06:17:43Z
10.2174/1573409920666230831144716,2023-09-01T04:39:56Z
10.2174/1871527322666221223142813,2022-12-26T04:03:04Z
10.2174/1871527322666221227112621,2022-12-29T07:08:56Z
10.2174/1871527322666230518111323,2023-05-19T04:46:00Z
10.2174/2215083810666230330161740,2023-04-03T04:26:02Z
10.2174/2215083810666230710122114,2023-07-11T11:55:58Z
10.2174/9789815223880124010003,2024-11-05T04:34:41Z
10.2174/9789815223880124010010,2024-11-05T04:34:41Z
10.2298/FIL2411777Z,
10.2298/FIL2422823A,
10.23736/S2724-542X.24.03124-9,2024-10-14T13:10:56Z
10.25175/jrd/2023/v43/i1/172940,2024-09-27T07:56:54Z
10.26387/bpa.2024.00005,
10.30852/sb.2024.2564,2024-08-05T01:57:16Z
10.3116/16091833/Ukr.J.Phys.Opt.2024.01073,2023-11-01T12:15:18Z
10.3201/eid3009.231595,2024-08-08T14:50:35Z
10.32513/asetmj/1932200824043,2024-11-25T21:11:21Z
10.32598/JRH.14.1.1992.4,2024-01-13T13:01:26Z
10.32629/jai.v7i1.763,2023-10-13T03:49:45Z
10.3329/bjms.v23i2.72092,2024-03-28T03:55:55Z
10.33889/IJMEMS.2024.9.2.019,2024-02-21T17:29:51Z
10.33889/IJMEMS.2024.9.6.074,2024-10-03T09:37:28Z
10.3389/fchem.2024.1359049,2024-02-06T05:00:38Z
10.3389/fcimb.2024.1359356,2024-01-18T04:44:44Z
10.3389/fcimb.2024.1454002,2024-11-04T06:10:19Z
10.3389/fendo.2024.1503460,2024-11-11T04:38:46Z
10.3389/fendo.2024.1528628,2024-12-04T09:39:46Z
10.3389/fgeed.2024.1415244,2024-06-12T13:19:24Z
10.3389/fimmu.2024.1389971,2024-05-10T04:38:45Z
10.3389/fimmu.2024.1390498,2024-04-17T04:55:05Z
10.3389/fimmu.2024.1442322,2024-06-18T05:44:34Z
10.3389/fmicb.2024.1364747,2024-01-30T04:28:18Z
10.3389/fmicb.2024.1409085,2024-10-11T04:35:32Z
10.3389/fmolb.2024.1466938,2024-07-29T04:53:47Z
10.3389/fphar.2024.1355242,2024-03-08T04:33:55Z
10.3389/fsoc.2024.1428324,2024-06-11T10:48:14Z
10.3389/fsoil.2024.1407502,2024-07-18T09:51:23Z
10.3390/agriculture14040517,2024-03-25T16:47:11Z
10.3390/app142310956,2024-11-26T09:02:18Z
10.3390/cli12070099,2024-07-09T15:17:09Z
10.3390/cli12110173,2024-10-31T10:55:37Z
10.3390/earth5020009,2024-05-27T14:27:59Z
10.3390/ijerph21111439,2024-10-29T17:21:39Z
10.3390/jmp5020014,2024-05-16T13:30:03Z
10.3390/min14060576,2024-05-30T14:42:34Z
10.3390/ph17060701,2024-05-28T17:32:55Z
10.3390/rs16091554,2024-04-29T08:26:16Z
10.3390/su16041666,2024-02-19T09:39:36Z
10.3390/vaccines12090996,2024-08-30T13:39:32Z
10.3390/vaccines12121421,2024-12-17T10:26:02Z
10.3390/w16081073,2024-04-09T06:52:17Z
10.34172/hpp.42744,2024-03-18T08:15:07Z
10.34172/hpp.43067,2024-09-19T05:11:40Z
10.35716/IJED-23074,2024-02-29T07:18:31Z
10.35716/IJED-23125,2024-01-26T11:37:52Z
10.35716/IJED-23184,2024-01-26T11:37:56Z
10.35716/IJED-23274,2024-06-18T15:46:58Z
10.35716/IJED-23308,2024-04-11T07:28:37Z
10.35716/IJED-23504,2024-08-24T10:10:11Z
10.35716/IJED-24002,2024-11-11T05:25:20Z
10.37256/cm.5120243489,2024-01-25T02:58:36Z
10.37256/cm.5220243489,
10.37349/etat.2024.00230,2024-05-23T05:16:31Z
10.38140/com.v49i.8162,2024-12-05T09:38:37Z
10.3847/1538-4357/ad055e,2023-12-20T10:39:19Z
10.3934/math.2024424,2024-03-01T06:58:19Z
10.3934/math.2024563,2024-03-25T10:58:36Z
10.4018/979-8-3693-1540-8.ch004,2024-04-01T17:27:48Z
10.4303/JDAR/236277,
10.4303/JDAR/236299,
10.4303/JDAR/236307,
10.4303/JDAR/236408,
10.4337/9781800887657.00019,2024-04-18T18:00:24Z
10.46488/NEPT.2024.v23i02.043,2024-06-03T16:52:46Z
10.46488/NEPT.2024.v23i04.044,2024-12-03T14:13:16Z
10.47857/irjms.2024.v05i02.0543,2024-05-09T12:20:46Z
10.47857/irjms.2024.v05i02.0657,2024-05-10T08:15:52Z
10.52291/ijse.2024.39.2,2024-05-20T16:00:58Z
10.55730/1300-0101.2759,2024-06-18T08:25:02Z
10.55766/SUJST-2024-01-E03550,2024-04-19T07:38:52Z
10.56042/ijms.v52i12.2354,2024-08-22T04:19:56Z
10.56042/ijnpr.v15i1.5247,2024-05-01T09:24:49Z
10.56042/ijnpr.v15i3.4938,2024-10-03T08:42:41Z
10.56294/sctconf2024884,2024-06-15T19:09:13Z
10.57016/MV-YTVW3833,2024-01-09T16:49:10Z
10.5710/PEAPA.26.02.2024.496,2024-04-04T17:11:20Z
10.5958/2395-146X.2024.00033.2,2024-09-18T08:52:06Z
10.5958/2395-146X.2024.00034.9,2024-09-18T08:52:06Z
